package,locked,latest,dependency_kind,immediate_parent_and_declared_range
@types/node,24.13.6,26.6.2,direct,<root> [devDependencies: ^24.13.6] | vite@8.3.0 [peerDependencies: ^20.19.0 || >=22.12.0]
@humanfs/core,0.19.2,0.20.0,transitive,@humanfs/node@0.16.8 [dependencies: ^0.19.2]
@humanfs/node,0.16.8,0.17.0,transitive,eslint@10.11.0 [dependencies: ^0.16.6]
@humanfs/types,0.15.0,0.16.0,transitive,@humanfs/core@0.19.2 [dependencies: ^0.15.0] | @humanfs/node@0.16.8 [dependencies: ^0.15.0]
@isaacs/cliui,8.0.2,9.0.0,transitive,jackspeak@3.4.3 [dependencies: ^8.0.2]
@oxc-project/types,0.150.0,0.151.0,transitive,rolldown@1.2.9 [dependencies: =0.150.0]
@rolldown/binding-android-arm-eabi,1.2.9,1.2.10,transitive,rolldown@1.2.9 [optionalDependencies: 1.2.9]
@rolldown/binding-android-arm64,1.2.9,1.2.10,transitive,rolldown@1.2.9 [optionalDependencies: 1.2.9]
@rolldown/binding-darwin-arm64,1.2.9,1.2.10,transitive,rolldown@1.2.9 [optionalDependencies: 1.2.9]
@rolldown/binding-darwin-x64,1.2.9,1.2.10,transitive,rolldown@1.2.9 [optionalDependencies: 1.2.9]
@rolldown/binding-freebsd-x64,1.2.9,1.2.10,transitive,rolldown@1.2.9 [optionalDependencies: 1.2.9]
@rolldown/binding-linux-arm-gnueabihf,1.2.9,1.2.10,transitive,rolldown@1.2.9 [optionalDependencies: 1.2.9]
@rolldown/binding-linux-arm64-gnu,1.2.9,1.2.10,transitive,rolldown@1.2.9 [optionalDependencies: 1.2.9]
@rolldown/binding-linux-arm64-musl,1.2.9,1.2.10,transitive,rolldown@1.2.9 [optionalDependencies: 1.2.9]
@rolldown/binding-linux-ppc64-gnu,1.2.9,1.2.10,transitive,rolldown@1.2.9 [optionalDependencies: 1.2.9]
@rolldown/binding-linux-s390x-gnu,1.2.9,1.2.10,transitive,rolldown@1.2.9 [optionalDependencies: 1.2.9]
@rolldown/binding-linux-x64-gnu,1.2.9,1.2.10,transitive,rolldown@1.2.9 [optionalDependencies: 1.2.9]
@rolldown/binding-linux-x64-musl,1.2.9,1.2.10,transitive,rolldown@1.2.9 [optionalDependencies: 1.2.9]
@rolldown/binding-openharmony-arm64,1.2.9,1.2.10,transitive,rolldown@1.2.9 [optionalDependencies: 1.2.9]
@rolldown/binding-win32-arm64-msvc,1.2.9,1.2.10,transitive,rolldown@1.2.9 [optionalDependencies: 1.2.9]
@rolldown/binding-win32-x64-msvc,1.2.9,1.2.10,transitive,rolldown@1.2.9 [optionalDependencies: 1.2.9]
ajv,6.15.0,8.20.0,transitive,eslint@10.11.0 [dependencies: ^6.14.0]
ansi-regex,5.0.1,6.3.0,transitive,strip-ansi@6.0.1 [dependencies: ^5.0.1]
ansi-styles,4.3.0,7.0.0,transitive,wrap-ansi@7.0.0 [dependencies: ^4.0.0]
ansi-styles,6.2.3,7.0.0,transitive,wrap-ansi@8.1.0 [dependencies: ^6.1.0]
archiver,7.0.1,8.0.0,transitive,@halo-dev/theme-package-cli@1.1.1 [dependencies: ^7.0.1]
argparse,2.0.1,3.0.2,transitive,js-yaml@4.3.2 [dependencies: ^2.0.1]
balanced-match,1.0.2,4.0.4,transitive,brace-expansion@2.1.7 [dependencies: ^1.0.0]
binary-extensions,2.3.0,3.2.0,transitive,is-binary-path@2.1.0 [dependencies: ^2.0.0]
brace-expansion,2.1.7,5.0.12,transitive,minimatch@5.1.9 [dependencies: ^2.0.1] | minimatch@9.0.9 [dependencies: ^2.0.2]
chokidar,3.6.0,5.0.0,transitive,vite-plugin-static-copy@4.1.1 [dependencies: ^3.6.0]
color-convert,2.0.1,3.1.3,transitive,ansi-styles@4.3.0 [dependencies: ^2.0.1]
color-name,1.1.4,2.1.1,transitive,color-convert@2.0.1 [dependencies: ~1.1.4]
commander,13.1.0,15.0.0,transitive,@halo-dev/theme-package-cli@1.1.1 [dependencies: ^13.1.0]
commander,14.0.3,15.0.0,transitive,figlet@1.11.4 [dependencies: ^14.0.0]
compress-commons,6.0.2,7.0.1,transitive,zip-stream@6.0.1 [dependencies: ^6.0.2]
crc32-stream,6.0.0,7.0.1,transitive,compress-commons@6.0.2 [dependencies: ^6.0.0]
eastasianwidth,0.2.0,0.3.0,transitive,string-width@5.1.2 [dependencies: ^0.2.0]
emoji-regex,8.0.0,11.0.0,transitive,string-width@4.2.3 [dependencies: ^8.0.0]
emoji-regex,9.2.2,11.0.0,transitive,string-width@5.1.2 [dependencies: ^9.2.2]
escape-string-regexp,4.0.0,5.0.0,transitive,eslint@10.11.0 [dependencies: ^4.0.0]
eslint-visitor-keys,3.4.3,5.0.1,transitive,@eslint-community/eslint-utils@4.10.1 [dependencies: ^3.4.3]
event-target-shim,5.0.1,6.0.2,transitive,abort-controller@3.0.0 [dependencies: ^5.0.0]
fast-levenshtein,2.0.6,3.0.0,transitive,optionator@0.9.4 [dependencies: ^2.0.6]
find-up,5.0.0,8.0.0,transitive,eslint@10.11.0 [dependencies: ^5.0.0]
foreground-child,3.3.1,4.0.3,transitive,glob@10.5.0 [dependencies: ^3.1.0]
glob,10.5.0,13.0.6,transitive,archiver-utils@5.0.2 [dependencies: ^10.0.0]
glob-parent,5.1.2,6.0.2,transitive,chokidar@3.6.0 [dependencies: ~5.1.2]
hashery,1.5.1,3.0.2,transitive,@cacheable/utils@2.5.0 [dependencies: ^1.5.1] | @keyv/bigmap@1.3.1 [dependencies: ^1.4.0]
hookified,1.15.1,3.0.4,transitive,@cacheable/memory@2.2.0 [dependencies: ^1.15.1] | @keyv/bigmap@1.3.1 [dependencies: ^1.15.0] | cacheable@2.5.0 [dependencies: ^1.15.0] | flat-cache@6.1.23 [dependencies: ^1.15.0] | hashery@1.5.1 [dependencies: ^1.15.0]
hookified,2.2.0,3.0.4,transitive,qified@0.10.1 [dependencies: ^2.1.1]
ignore,5.3.2,7.0.10,transitive,eslint@10.11.0 [dependencies: ^5.2.0]
inherits,2.0.3,2.0.4,transitive,util@0.10.4 [dependencies: 2.0.3]
is-binary-path,2.1.0,3.0.0,transitive,chokidar@3.6.0 [dependencies: ~2.1.0]
is-fullwidth-code-point,3.0.0,5.1.0,transitive,string-width@4.2.3 [dependencies: ^3.0.0]
is-stream,2.0.1,4.0.1,transitive,archiver-utils@5.0.2 [dependencies: ^2.0.1] | compress-commons@6.0.2 [dependencies: ^2.0.1]
isarray,1.0.0,2.0.5,transitive,readable-stream@2.3.8 [dependencies: ~1.0.0]
isexe,2.0.0,4.0.0,transitive,which@2.0.2 [dependencies: ^2.0.0]
jackspeak,3.4.3,4.2.3,transitive,glob@10.5.0 [dependencies: ^3.1.2]
js-yaml,4.3.2,5.4.2,transitive,@halo-dev/theme-package-cli@1.1.1 [dependencies: ^4.1.1]
json-schema-traverse,0.4.1,1.0.0,transitive,ajv@6.15.0 [dependencies: ^0.4.1]
lightningcss,1.32.0,1.33.0,transitive,@tailwindcss/node@4.3.3 [dependencies: 1.32.0]
lightningcss-android-arm64,1.32.0,1.33.0,transitive,lightningcss@1.32.0 [optionalDependencies: 1.32.0]
lightningcss-darwin-arm64,1.32.0,1.33.0,transitive,lightningcss@1.32.0 [optionalDependencies: 1.32.0]
lightningcss-darwin-x64,1.32.0,1.33.0,transitive,lightningcss@1.32.0 [optionalDependencies: 1.32.0]
lightningcss-freebsd-x64,1.32.0,1.33.0,transitive,lightningcss@1.32.0 [optionalDependencies: 1.32.0]
lightningcss-linux-arm-gnueabihf,1.32.0,1.33.0,transitive,lightningcss@1.32.0 [optionalDependencies: 1.32.0]
lightningcss-linux-arm64-gnu,1.32.0,1.33.0,transitive,lightningcss@1.32.0 [optionalDependencies: 1.32.0]
lightningcss-linux-arm64-musl,1.32.0,1.33.0,transitive,lightningcss@1.32.0 [optionalDependencies: 1.32.0]
lightningcss-linux-x64-gnu,1.32.0,1.33.0,transitive,lightningcss@1.32.0 [optionalDependencies: 1.32.0]
lightningcss-linux-x64-musl,1.32.0,1.33.0,transitive,lightningcss@1.32.0 [optionalDependencies: 1.32.0]
lightningcss-win32-arm64-msvc,1.32.0,1.33.0,transitive,lightningcss@1.32.0 [optionalDependencies: 1.32.0]
lightningcss-win32-x64-msvc,1.32.0,1.33.0,transitive,lightningcss@1.32.0 [optionalDependencies: 1.32.0]
locate-path,6.0.0,8.0.0,transitive,find-up@5.0.0 [dependencies: ^6.0.0]
lru-cache,10.4.3,11.5.3,transitive,path-scurry@1.11.1 [dependencies: ^10.2.0]
magic-string,0.30.21,1.4.2,transitive,@tailwindcss/node@4.3.3 [dependencies: ^0.30.21]
mdn-data,2.27.1,2.37.0,transitive,css-tree@3.2.1 [dependencies: 2.27.1]
minimatch,5.1.9,10.2.6,transitive,readdir-glob@1.1.3 [dependencies: ^5.1.0]
minimatch,9.0.9,10.2.6,transitive,glob@10.5.0 [dependencies: ^9.0.4]
nanoid,3.3.19,6.0.1,transitive,postcss@8.5.28 [dependencies: ^3.3.18]
p-limit,3.1.0,7.3.3,transitive,p-locate@5.0.0 [dependencies: ^3.0.2]
p-locate,5.0.0,7.0.0,transitive,locate-path@6.0.0 [dependencies: ^5.0.0]
path-exists,4.0.0,5.0.0,transitive,find-up@5.0.0 [dependencies: ^4.0.0]
path-key,3.1.1,4.0.0,transitive,cross-spawn@7.0.6 [dependencies: ^3.1.0]
path-scurry,1.11.1,2.0.2,transitive,glob@10.5.0 [dependencies: ^1.11.1]
picomatch,2.3.2,4.0.7,transitive,anymatch@3.1.3 [dependencies: ^2.0.4] | readdirp@3.6.0 [dependencies: ^2.2.1]
postcss-selector-parser,6.0.10,7.1.6,transitive,@tailwindcss/typography@0.5.20 [dependencies: 6.0.10]
qified,0.10.1,0.13.2,transitive,cacheable@2.5.0 [dependencies: ^0.10.1]
readable-stream,2.3.8,4.7.0,transitive,lazystream@1.0.1 [dependencies: ^2.0.5]
readdir-glob,1.1.3,3.0.0,transitive,archiver@7.0.1 [dependencies: ^1.1.2]
readdirp,3.6.0,5.1.1,transitive,chokidar@3.6.0 [dependencies: ~3.6.0]
rolldown,1.2.9,1.2.10,transitive,vite@8.3.0 [dependencies: ~1.2.6]
safe-buffer,5.1.2,5.2.1,transitive,readable-stream@2.3.8 [dependencies: ~5.1.1] | string_decoder@1.1.1 [dependencies: ~5.1.0]
shebang-regex,3.0.0,4.0.0,transitive,shebang-command@2.0.0 [dependencies: ^3.0.0]
string-width,4.2.3,8.2.2,transitive,@isaacs/cliui@8.0.2 [dependencies: npm:string-width@^4.2.0] | wrap-ansi@7.0.0 [dependencies: ^4.1.0]
string-width,5.1.2,8.2.2,transitive,@isaacs/cliui@8.0.2 [dependencies: ^5.1.2] | wrap-ansi@8.1.0 [dependencies: ^5.0.1]
string_decoder,1.1.1,1.3.0,transitive,readable-stream@2.3.8 [dependencies: ~1.1.1]
strip-ansi,6.0.1,7.2.0,transitive,@isaacs/cliui@8.0.2 [dependencies: npm:strip-ansi@^6.0.1] | string-width@4.2.3 [dependencies: ^6.0.1] | wrap-ansi@7.0.0 [dependencies: ^6.0.0]
tldts,7.4.14,7.4.15,transitive,tough-cookie@6.0.2 [dependencies: ^7.0.5]
tldts-core,7.4.14,7.4.15,transitive,tldts@7.4.14 [dependencies: ^7.4.14]
typescript,6.0.3,7.0.2,transitive,@typescript/typescript6@6.0.2 [dependencies: npm:typescript@^6]
undici-types,7.18.2,8.11.0,transitive,@types/node@24.13.6 [dependencies: ~7.18.0]
util,0.10.4,0.12.5,transitive,path@0.12.7 [dependencies: ^0.10.3]
whatwg-url,16.0.1,17.1.2,transitive,data-urls@7.0.0 [dependencies: ^16.0.0]
which,2.0.2,7.0.0,transitive,cross-spawn@7.0.6 [dependencies: ^2.0.1]
wrap-ansi,7.0.0,10.0.2,transitive,@isaacs/cliui@8.0.2 [dependencies: npm:wrap-ansi@^7.0.0]
wrap-ansi,8.1.0,10.0.2,transitive,@isaacs/cliui@8.0.2 [dependencies: ^8.1.0]
yocto-queue,0.1.0,1.2.2,transitive,p-limit@3.1.0 [dependencies: ^0.1.0]
zip-stream,6.0.1,7.0.5,transitive,archiver@7.0.1 [dependencies: ^6.0.1]
